wavelength_nm,transmittance
200,0.77297263
205,0.79381315
210,0.82788715
215,0.86300285
220,0.88804121
225,0.89703353
230,0.89295626
235,0.88231048
240,0.87591281
245,0.88306802
250,0.90209808
255,0.92081752
260,0.93349752
265,0.93951083
270,0.9421508
275,0.94306782
280,0.9438002
285,0.9442752
290,0.9448662
295,0.9452394
300,0.94581198
305,0.94596369
310,0.94633961
315,0.93094362
320,0.93145662
325,0.93170901
330,0.93200903
335,0.93239413
340,0.93260156
345,0.9327921
350,0.93312097
355,0.93324707
360,0.93345331
365,0.93364237
370,0.93378422
375,0.93413666
380,0.93432597
385,0.93450266
390,0.93443393
395,0.93470682
400,0.93463687
405,0.93506835
410,0.9350108
415,0.93524521
420,0.93538442
425,0.93537764
430,0.93554257
435,0.93564123
440,0.93565477
445,0.9358329
450,0.9358745
455,0.93607073
460,0.93611034
465,0.9361791
470,0.93609993
475,0.93635482
480,0.93624332
485,0.93641368
490,0.9364425
495,0.93655436
500,0.93658164
505,0.93666892
510,0.93650396
515,0.9368902
520,0.93682021
525,0.93696278
530,0.93699864
535,0.93697537
540,0.9370706
545,0.93704543
550,0.93706015
555,0.93721765
560,0.93713185
565,0.93713548
570,0.93714441
575,0.93728533
580,0.93716755
585,0.93733551
590,0.93721327
595,0.93729365
600,0.93737662
605,0.93751192
610,0.9374141
615,0.93759847
620,0.93751374
625,0.93754556
630,0.93743161
635,0.93774557
640,0.93752367
645,0.93756963
650,0.93762882
655,0.93769649
660,0.93779264
665,0.93787357
670,0.93782258
675,0.93772672
680,0.93779045
685,0.93800178
690,0.93781909
695,0.9378946
700,0.93796402
705,0.9380325
710,0.93809975
715,0.93793846
720,0.93829323
725,0.93808171
730,0.93824972
735,0.93822215
740,0.93821303
745,0.93841976
750,0.93839821
755,0.93836673
760,0.93837278
765,0.93840222
770,0.93855861
775,0.93857045
780,0.93860471
785,0.93874346
790,0.93877453
795,0.93883792
800,0.93884479
805,0.93898869
810,0.93899663
815,0.93917287
820,0.93918937
825,0.93945779
830,0.93980317
835,0.93972463
840,0.93998882
845,0.93968018
850,0.93949627
855,0.93977178
860,0.94275656
865,0.94256565
870,0.94221786
875,0.94194367
880,0.94142281
885,0.94093996
890,0.94079993
895,0.94054994
900,0.94009318
905,0.94021549
910,0.9403827
915,0.94042824
920,0.9404348
925,0.94035857
930,0.9406745
935,0.9406023
940,0.94080607
945,0.94108948
950,0.94110623
955,0.94119804
960,0.94129682
965,0.94136023
970,0.9416878
975,0.94172628
980,0.94183587
985,0.94192185
990,0.94203385
995,0.94189099
1000,0.94178225
1005,0.94194216
1010,0.94207285
1015,0.94195894
1020,0.94210873
1025,0.94202675
1030,0.94194847
1035,0.94207233
1040,0.94211387
1045,0.94227982
1050,0.94211305
1055,0.94216354
1060,0.94201815
1065,0.94207201
1070,0.94223357
1075,0.94228954
1080,0.94203243
1085,0.94213987
1090,0.94221127
1095,0.94226939
1100,0.94237635
1105,0.94206273
1110,0.94207241
1115,0.94231341
1120,0.94249817
1125,0.94227735
1130,0.94223605
1135,0.94234994
1140,0.94245246
1145,0.94239103
1150,0.94241304
1155,0.942569
1160,0.94254119
1165,0.94266199
1170,0.94262762
1175,0.9424703
1180,0.94239201
1185,0.94270205
1190,0.94269709
1195,0.94261678
1200,0.94297194
1205,0.94282558
1210,0.94263446
1215,0.94271413
1220,0.94288924
1225,0.94294517
1230,0.94275477
1235,0.9426397
1240,0.94299144
1245,0.94316648
1250,0.94295869
1255,0.94323711
1260,0.9432538
1265,0.94298153
1270,0.94325284
1275,0.94322055
1280,0.94310604
1285,0.94335848
1290,0.94334251
1295,0.94347674
1300,0.94339456
1305,0.94326422
1310,0.94348892
1315,0.94340238
1320,0.94365687
1325,0.94352781
1330,0.94370322
1335,0.94345891
1340,0.94365088
1345,0.94347306
1350,0.94337842
1355,0.94316701
1360,0.94337193
1365,0.94346515
1370,0.94325251
1375,0.94334707
1380,0.94306348
1385,0.94307169
1390,0.94331623
1395,0.9432104
1400,0.94390395
1405,0.94383872
1410,0.94345736
1415,0.94366259
1420,0.9433714
1425,0.94326425
1430,0.94361255
1435,0.94378038
1440,0.94336877
1445,0.94337323
1450,0.94359632
1455,0.94356991
1460,0.94333084
1465,0.94334248
1470,0.94363808
1475,0.94373455
1480,0.94348376
1485,0.94320008
1490,0.94327373
1495,0.94350947
1500,0.94365053
1505,0.94348059
1510,0.943167
1515,0.94288967
1520,0.94295956
1525,0.9432051
1530,0.94330711
1535,0.9433206
1540,0.94327422
1545,0.94324545
1550,0.94301435
1555,0.94277024
1560,0.94272172
1565,0.94259414
1570,0.94241417
1575,0.94255588
1580,0.94268256
1585,0.94287443
1590,0.943066
1595,0.94313356
1600,0.9432211
1605,0.94325144
1610,0.94326565
1615,0.9431931
1620,0.94306299
1625,0.94312636
1630,0.94315454
1635,0.94311132
1640,0.94314149
1645,0.94302439
1650,0.94293135
1655,0.94293423
1660,0.94283777
1665,0.94247776
1670,0.94213385
1675,0.94211928
1680,0.94197051
1685,0.94182575
1690,0.94214812
1695,0.94239415
1700,0.94247397
1705,0.94255031
1710,0.94258768
1715,0.94281868
1720,0.94280491
1725,0.94241246
1730,0.94214241
1735,0.94213721
1740,0.94238104
1745,0.94272949
1750,0.94289418
1755,0.94297008
1760,0.94267709
1765,0.94225113
1770,0.94211877
1775,0.94238055
1780,0.94311712
1785,0.94343552
1790,0.9430234
1795,0.94268323
1800,0.94243898
1805,0.94252844
1810,0.94292672
1815,0.94321419
1820,0.94258398
1825,0.94219218
1830,0.9429453
1835,0.94346677
1840,0.9429337
1845,0.94271825
1850,0.94276518
1855,0.94292791
1860,0.94321247
1865,0.94329233
1870,0.94273093
1875,0.94299249
1880,0.94361095
1885,0.94332325
1890,0.94331097
1895,0.94408532
1900,0.94392124
1905,0.94353879
1910,0.94416957
1915,0.9446426
1920,0.94397939
1925,0.94350858
1930,0.94388137
1935,0.94369904
1940,0.9429889
1945,0.94316179
1950,0.94377013
1955,0.94333114
1960,0.94343287
1965,0.94430631
1970,0.94368921
1975,0.94358441
1980,0.9444458
1985,0.94402331
1990,0.94367732
1995,0.94452483
2000.065834,0.946698636756
2004.863527,0.946129836653
2009.942668,0.948376788787
2015.021015,0.951498355172
2020.098566,0.949196700914
2024.893299,0.945838779161
2029.969298,0.948831721091
2035.044496,0.947074686831
2039.837,0.949996729395
2044.910634,0.948365879113
2049.98346,0.948210332789
2054.77372,0.946042002233
2059.844971,0.947611569717
2064.915408,0.946711587275
2069.985031,0.947629843725
2074.772257,0.946447577559
2079.840289,0.945482581247
2084.907499,0.946610179296
2089.973887,0.945554460384
2094.758051,0.947734693908
2099.822832,0.948709165484
2104.886784,0.946679959748
2109.949906,0.947991134795
2114.730977,0.946036840972
2119.792477,0.946331797182
2124.85314,0.948815282174
2129.912964,0.948948891244
2134.690915,0.942830790219
2139.749102,0.945513673627
2144.806445,0.947684049104
2149.862941,0.945227023561
2154.637741,0.948448709116
2159.692584,0.948915549916
2164.746575,0.945712963237
2169.799712,0.943205484302
2174.571332,0.945895751649
2179.622801,0.949706986376
2184.673409,0.946445530937
2189.723155,0.950022195164
2194.772037,0.948401618141
2199.539629,0.947769630652
2204.586824,0.947020107187
2209.633149,0.94805853924
2214.678601,0.950415132179
2219.723179,0.946416236167
2224.486698,0.949383270263
2229.52957,0.943308809403
2234.571562,0.944198217282
2239.612672,0.947749659434
2244.652898,0.944058350475
2249.692237,0.946054024351
2254.450798,0.946059974416
2259.488408,0.950148790686
2264.525127,0.947604421459
2269.560952,0.94419472379
2274.595881,0.944147048739
2279.629911,0.947447977676
2284.663042,0.947427111713
2289.415726,0.947321804497
2294.447102,0.946407593002
2299.477571,0.947560553848
2304.507133,0.948429042897
2309.535784,0.946544528067
2314.563524,0.94692406422
2319.590351,0.94810032014
2324.337068,0.947036234308
2329.362112,0.945230678388
2334.386236,0.949162400268
2339.409439,0.946317207833
2344.431718,0.94708283179
2349.453071,0.944255693595
2354.473497,0.947365437827
2359.492994,0.946967137421
2364.511559,0.947533220661
2369.250458,0.947337006975
2374.267206,0.946434162455
2379.283017,0.943813875285
2384.297888,0.947135083223
2389.311818,0.944860529065
2394.324805,0.948736027674
2399.336847,0.945433899468
2404.347942,0.947978655849
2409.358087,0.942854764901
2414.367281,0.946579911159
2419.375522,0.947053145954
2424.382808,0.947696806672
2429.389137,0.944929901822
2434.394506,0.946900082138
2439.398915,0.947584308218
2444.124416,0.946486511449
2449.126951,0.951145016479
2454.128518,0.946613611949
2459.129116,0.947482424505
2464.128744,0.947544619888
2469.127399,0.947062304425
2474.125079,0.944215382176
2479.121782,0.947786813104
2484.117507,0.947178938891
2489.112251,0.947021245315
2494.106012,0.944373093881
2499.098789,0.949330896663
2504.090579,0.948035336019
2509.08138,0.950129039213
2514.071191,0.946130239261
2519.06001,0.948179467185
2524.047834,0.943966218645
2529.034661,0.946225879478
2534.02049,0.94994905046
2539.005319,0.948468286176
2543.989145,0.94764581304
2548.971967,0.946119926089
2553.953782,0.945601771688
2558.93459,0.946622278446
2564.191013,0.947408399477
2569.169741,0.945200324441
2574.147456,0.948086629294
2579.124154,0.944643744073
2584.099834,0.945106640759
2589.074494,0.946522252051
2594.048132,0.945057393844
2599.020745,0.947277168129
2603.992333,0.944266246586
2608.962892,0.948576951451
2613.932422,0.948737935066
2618.90092,0.948738848648
2623.868383,0.946347735365
2628.834811,0.943263328707
2634.076026,0.947142472145
2639.040318,0.948979553031
2644.003569,0.947263225453
2648.965775,0.949492541265
2653.926936,0.945031966109
2658.88705,0.947202770164
2663.846113,0.947107787165
2668.804125,0.941026503361
2673.761084,0.944582295687
2678.992283,0.94564698237
2683.94707,0.945939317384
2688.900797,0.94248713559
2693.853462,0.944149385028
2698.805064,0.941946204626
2703.7556,0.942525520116
2708.705069,0.935869285196
2713.928349,0.939918517626
2718.875617,0.941501673873
2723.821813,0.938004920198
2728.766933,0.936895058304
2733.710976,0.936826827172
2738.653939,0.935544833283
2743.870339,0.937435208252
2748.811078,0.934971014785
2753.750732,0.941139560269
2758.689299,0.941254434547
2763.626776,0.940463561617
2768.837375,0.938847612318
2773.772607,0.933823148675
2778.706745,0.941266243067
2783.639786,0.938474542665
2788.571728,0.939999630934
2793.776472,0.938320842585
2798.706149,0.939075975368
2803.634721,0.9386005606
2808.562186,0.940478549894
2813.762196,0.940105449158
2818.68738,0.941557174493
2823.611451,0.938298307171
2828.534408,0.938797647204
2833.72965,0.940907150077
2838.650309,0.939614321347
2843.569847,0.940673610485
2848.488263,0.939333170717
2853.678704,0.940960312586
2858.594806,0.938419239731
2863.509779,0.93893910072
2868.423622,0.937691374601
2873.609228,0.938251792685
2878.520741,0.937865226831
2883.431118,0.939027732803
2888.613058,0.937441334649
2893.521093,0.937694785353
2898.427986,0.93800734205
2903.606242,0.935277995375
2908.51078,0.937376203396
2913.41417,0.938669416535
2918.588723,0.938331823289
2923.489747,0.937735478072
2928.389616,0.937362852306
2933.560446,0.938666419627
2938.457937,0.939971684289
2943.354268,0.93751242883
2948.521357,0.936541330816
2953.415298,0.93295236441
2958.308072,0.936634848963
2963.4714,0.933809506031
2968.361772,0.935771793939
2973.250972,0.936385051408
2978.41052,0.935330034742
2983.297305,0.934100139576
2988.4543,0.935584920644
2993.338662,0.937391790721
2998.221842,0.934056116755
3003.375026,0.933217455241
3008.255771,0.938722503407
3013.40638,0.933107289808
3018.284682,0.935853320814
3023.161792,0.932421624986
3028.308558,0.933708138711
3033.183212,0.931142761995
3038.327382,0.936662929879
3043.199573,0.935283902074
3048.341138,0.934097441486
3053.210858,0.934560080842
3058.34981,0.93273599048
3063.21705,0.935756608592
3068.35338,0.935706015644
3073.218131,0.934603131985
3078.08167,0.934549481726
3083.214087,0.935672766001
3088.075126,0.933075298487
3093.2049,0.933321713287
3098.06343,0.934380530688
3103.190552,0.938099424032
3108.046567,0.933165834905
3113.171029,0.930665310886
3118.024519,0.935113125836
3123.146312,0.934042027368
3127.99727,0.937535835895
3133.116386,0.935169962139
3138.234123,0.936440093865
3143.081233,0.9366539022
3148.19628,0.932063338388
3153.040837,0.934106668171
3158.153186,0.935009523347
3162.995182,0.932607835067
3168.104824,0.933686500778
3172.944251,0.932545433336
3178.051177,0.934319793424
3183.156704,0.929735949114
3187.992228,0.938856624134
3193.095027,0.937091949983
3197.927962,0.934660481825
3203.028024,0.934062355876
3207.858362,0.936549752337
3212.955677,0.937543032034
3218.05158,0.936525600318
3222.877972,0.933807915811
3227.971116,0.93662655692
3233.06284,0.933736802334
3237.885267,0.93505042856
3242.974219,0.936180586305
3247.794017,0.937171806792
3252.88019,0.937858228879
3257.964931,0.937847550599
3262.780734,0.932874417104
3267.862683,0.937325836604
3272.943194,0.936490569266
3277.754983,0.937467015376
3282.832689,0.938591727963
3287.908951,0.93606671311
3292.716707,0.937613015324
3297.790151,0.93670511262
3302.862144,0.937434316974
3307.932684,0.93437512074
3312.735012,0.934158282572
3317.802717,0.93979616343
3322.868962,0.937397411726
3327.667214,0.936522062405
3332.730611,0.939857718057
3337.792542,0.937588933728
3342.853005,0.937180610692
3347.645771,0.938240064418
3352.703369,0.932182930821
3357.759491,0.936267267248
3362.814137,0.935967917159
3367.601384,0.937308329856
3372.653147,0.936608018818
3377.703426,0.938136999024
3382.75222,0.937095424975
3387.799526,0.934502635351
3392.579809,0.934294151596
3397.624211,0.933727985534
3402.667118,0.932766966765
3407.708529,0.935792926848
3412.74844,0.93440337331
3417.521709,0.935586313402
3422.558695,0.924322278894
3427.594176,0.927600653932
3432.628149,0.931162477124
3437.660612,0.929545179027
3442.691563,0.929680655922
3447.456331,0.928725402531
3452.484331,0.925273029217
3457.510812,0.925752697246
3462.535773,0.924326112469
3467.55921,0.924388801319
3472.581123,0.921290778505
3477.601507,0.918843355993
3482.620362,0.918184447281
3487.637686,0.917163547516
3492.389524,0.920530276836
3497.403858,0.90870916396
3502.416653,0.907384176281
3507.427908,0.906381858715
3512.43762,0.905883774836
3517.445787,0.90827420141
3522.452407,0.900224735227
3527.457477,0.902193248945
3532.460996,0.89539674761
3537.46296,0.89543020164
3542.463369,0.889723683067
3547.46222,0.890451866446
3552.45951,0.888326700499
3557.455238,0.883882050754
3562.449401,0.884623070542
3567.441996,0.881431075984
3572.433023,0.880852513783
3577.422478,0.879565052559
3582.41036,0.877932689609
3587.396666,0.880330049571
3592.381393,0.875146392414
3597.364541,0.869960578947
3602.346106,0.871032243423
3607.326087,0.867063639536
3612.304481,0.862578117203
3617.281286,0.86075106153
3622.2565,0.861302845701
3627.230121,0.854633440792
3632.202146,0.853313408521
3637.172573,0.85278282523
3642.141401,0.847689646008
3647.370015,0.844147620432
3652.335552,0.846236642474
3657.299482,0.835301272041
3662.261804,0.8357331887
3667.222514,0.832589010187
3672.181612,0.829244378386
3677.139094,0.820643986573
3682.094959,0.816242016883
3687.309909,0.819167839542
3692.262447,0.8111724801
3697.21336,0.813493605745
3702.162648,0.805586462988
3707.110307,0.79620753534
3712.056335,0.796497953873
3717.260917,0.789934584909
3722.203592,0.78596389508
3727.144629,0.778740747221
3732.084027,0.782926598376
3737.021783,0.782804428739
3742.217645,0.779086394523
3747.152025,0.775766414293
3752.084756,0.776726510939
3757.015837,0.76881489419
3761.945266,0.770640158397
3767.13235,0.774067476242
3772.058379,0.775075693117
3776.98275,0.769728791161
3781.905459,0.780763143571
3787.08546,0.773272849679
3792.004752,0.775226020894
3796.922376,0.773059206713
3802.097018,0.767613588549
3807.011211,0.774957903994
3811.92373,0.772163706895
3817.092991,0.775068626142
3822.002066,0.777782380755
3826.90946,0.777706677249
3832.073319,0.778858228368
3836.977255,0.776752793528
3841.879503,0.778415219021
3847.037939,0.774812633807
3851.936716,0.778239850321
3856.833799,0.771097958474
3861.98679,0.776063508642
3866.880388,0.773666707943
3871.772285,0.7707052268
3876.919811,0.775701011323
3881.80821,0.773492745205
3886.952049,0.772530045132
3891.836941,0.778949001364
3896.720121,0.766911392196
3901.858459,0.777558586775
3906.738118,0.769153215569
3911.872746,0.768754401367
3916.748876,0.771169439478
3921.879783,0.769755291335
3926.752374,0.771534035171
3931.879551,0.767502881081
3936.748595,0.763100307931
3941.872033,0.768464428277
3946.737519,0.772800297457
3951.857209,0.762738234007
3956.71913,0.767237517775
3961.835061,0.761043373742
3966.693407,0.767625651813
3971.805571,0.757950744483
3976.660333,0.753378005048
3981.76872,0.759288579756
3986.619889,0.762428340353
3991.724489,0.754520904658
3996.572057,0.752677451721
4001.672861,0.743581055545
4006.771714,0.745528261478
4011.613816,0.744383955224
4016.708859,0.738781608409
4021.547337,0.739256713639
4026.63856,0.734566615076
4031.727821,0.731903833979
4036.560798,0.720845621656
4041.646225,0.724252803071
4046.475556,0.724964335075
4051.557139,0.707893062376
4056.636747,0.701997782532
4061.460544,0.702731437877
4066.536295,0.703785729861
4071.610064,0.696355891819
4076.428306,0.693791747344
4081.498203,0.676655886012
4086.56611,0.683293722932
4091.632026,0.678745105629
4096.442799,0.673199670527
4101.504823,0.668472080782
4106.564849,0.662412138761
4111.37002,0.656016505824
4116.42614,0.650094987362
4121.480254,0.649063180245
4126.53236,0.635558916593
4131.329997,0.64032643905
4136.378179,0.633660227126
4141.424344,0.635834121923
4146.468491,0.625231826707
4151.510617,0.616711830946
4156.298762,0.622581783654
4161.33694,0.611361070326
4166.37309,0.609790482799
4171.407209,0.606573488296
4176.439295,0.605881284985
4181.469345,0.602719500663
4186.246006,0.598175495586
4191.27208,0.596544597769
4196.296111,0.599834220397
4201.318097,0.577680123973
4206.338036,0.581748802659
4211.355924,0.591661534487
4216.37176,0.598884016991
4221.385541,0.572974898159
4226.397264,0.582526234073
4231.156493,0.57016046069
4236.164198,0.555780682908
4241.169837,0.544192349718
4246.17341,0.543244055265
4251.174913,0.540050742854
4256.174344,0.534875539289
4261.171701,0.520652167514
4266.16698,0.529620110954
4271.160181,0.505810476393
4276.1513,0.52438151857
4281.140334,0.504959434476
4286.127282,0.490565244188
4291.112141,0.486744902578
4296.094909,0.471099484532
4301.075583,0.452912825075
4306.05416,0.459803453389
4311.030639,0.453218983369
4316.25368,0.417658884628
4321.225849,0.422112640463
4326.195912,0.414453124621
4331.163866,0.413345896931
4336.129709,0.395277159993
4341.093439,0.388627917026
4346.055053,0.380543180059
4351.014549,0.366015522616
4355.971924,0.365315557558
4361.174883,0.353781549351
4366.127903,0.356691701792
4371.078795,0.35115657769
4376.027557,0.340417822007
4380.974186,0.339153616756
4385.91868,0.323713808405
4391.108098,0.3298031762
4396.048207,0.318681280393
4400.986174,0.320777447127
4405.921995,0.318743213578
4411.102297,0.317119157982
4416.033714,0.315384777439
4420.962978,0.311902965117
4425.890088,0.310052397222
4431.061231,0.315103308893
4435.983916,0.3146859442
4440.904439,0.315115502797
4445.822798,0.314681076659
4450.984742,0.317559171253
4455.898656,0.323883838076
4460.810399,0.324251115967
4465.965388,0.333448735873
4470.872671,0.334014478091
4475.777774,0.341711584639
4480.925785,0.347165705898
4485.826414,0.349427592261
4490.969722,0.359413361907
4495.865866,0.357680289695
4500.759819,0.359077610563
4505.896109,0.375012224185
4510.785563,0.378318614186
4515.917123,0.381743003151
4520.802068,0.378242760139
4525.684809,0.391753795713
4530.809313,0.392291912813
4535.687529,0.397291632492
4540.807277,0.400967589302
4545.68096,0.400154462598
4550.795941,0.400490765136
4555.665079,0.405516686464
4560.775284,0.402564421291
4565.639868,0.400144657817
4570.745285,0.410551831276
4575.605305,0.406844325227
4580.705925,0.405700582113
4585.804083,0.396665326023
4590.657181,0.402622945587
4595.750526,0.394853480598
4600.599035,0.392422167139
4605.687556,0.392895925244
4610.531466,0.394997004412
4615.615153,0.379005474956
4620.696359,0.380934146736
4625.533295,0.369829997563
4630.609652,0.371150347483
4635.68352,0.36493298532
4640.51346,0.35536797209
4645.582462,0.34943739255
4650.648968,0.345076843799
4655.471889,0.339775667944
4660.533513,0.326460364663
4665.592633,0.331512897954
4670.649247,0.313270120168
4675.462735,0.306061768965
4680.514446,0.297649922629
4685.563642,0.288719291322
4690.610319,0.277206155237
4695.414336,0.269580870509
4700.45609,0.258705011177
4705.495319,0.250839322962
4710.532019,0.23797628983
4715.566188,0.222195525887
4720.358279,0.217601151968
4725.387498,0.206315500805
4730.414179,0.197628029157
4735.438317,0.181603517173
4740.459911,0.16062406045
4745.478957,0.153140987935
4750.495454,0.149214243284
4755.509398,0.124070358798
4760.282207,0.10832399036
4765.291159,0.102763582271
4770.297551,0.0884258688234
4775.301379,0.0813461783829
4780.302642,0.068702496167
4785.301335,0.0578868588058
4790.297458,0.0423274698414
4795.291006,0.0370995719761
4800.281978,0.0310332025883
4805.27037,0.023842815531
4810.25618,0.0172475007926
4815.239406,0.0191122994695
4820.220044,0.0155226225952
4825.198092,0.0123500778229
4830.173547,0.00955328516972
4835.383144,0.00223150235292
4840.353282,0.000537127271885
4845.320819,0.0018267948101
4850.285752,0.00118800180526
4855.248078,0.00313024566845
4860.207796,0.00474365229069
4865.164903,0.00658481044572
4870.119395,0.00179811837155
4875.307008,0.00329467650986
4880.256139,0.00492462320705
4885.202647,0.00261601595075
4890.14653,0.00438906680868
4895.087786,0.00409552101444
4900.261518,0.0035145026444
4905.197385,0.00727032647354
4910.130615,0.00379912680058
4915.061208,0.00113171188516
4920.223758,0.00382292384649
4925.14894,0.00386106405891
4930.071475,0.00289232059421
4934.991361,0.00812975268303
4940.142683,0.00630716653135
4945.057136,0.00234384449024
4949.968933,0.000601839290145
4955.111771,0.00238592176359
4960.018118,0.00875276257123
4965.155242,0.000312435707425
4970.056129,0.00832595296548
4974.954345,0.000925969961411
4980.082942,0.000255105697079
4984.975682,0.0053111270419
4990.098536,0.00252843382732
4994.985787,0.0101088824816
5000.102887,0.0127123478712
