wavelength_nm,response_relative
280,0.989572820284
280.5,0.98962098063
281,0.989667800349
281.5,0.989713486761
282,0.98975824719
282.5,0.989802288957
283,0.989845819384
283.5,0.989889045791
284,0.989932175502
284.5,0.989975415838
285,0.990018974121
285.5,0.990062608775
286,0.990105971935
286.5,0.99014911149
287,0.990192075328
287.5,0.990234911337
288,0.990277667404
288.5,0.990320391417
289,0.990363131265
289.5,0.990405934836
290,0.990448850017
290.5,0.990491964861
291,0.990535278623
291.5,0.990578705998
292,0.990622161679
292.5,0.990665560363
293,0.990708816742
293.5,0.990751845512
294,0.990794561366
294.5,0.990836878999
295,0.990878713106
295.5,0.990920443446
296,0.990962373513
296.5,0.991004303599
297,0.991046033997
297.5,0.991087365001
298,0.991128096904
298.5,0.991168029999
299,0.991206964579
299.5,0.991244700937
300,0.991281039367
300.5,0.991316151819
301,0.991350383916
301.5,0.991383796463
302,0.991416450264
302.5,0.991448406123
303,0.991479724844
303.5,0.991510467233
304,0.991540694092
304.5,0.991570466227
305,0.991599844441
305.5,0.991628928982
306,0.991657730945
306.5,0.991686177407
307,0.991714195448
307.5,0.991741712145
308,0.991768654576
308.5,0.99179494982
309,0.991820524955
309.5,0.991845307059
310,0.991869223209
310.5,0.991891536802
311,0.991911949604
311.5,0.991931046256
312,0.991949411394
312.5,0.991967629657
313,0.991986285684
313.5,0.992005964112
314,0.99202724958
314.5,0.992050726727
315,0.992076980191
315.5,0.992107069796
316,0.992141301162
316.5,0.99217912762
317,0.9922200025
317.5,0.992263379132
318,0.992308710845
318.5,0.992355450971
319,0.992403052839
319.5,0.99245096978
320,0.992498655124
320.5,0.992550998836
321,0.992611350031
321.5,0.992676850762
322,0.992744643083
322.5,0.992811869047
323,0.992875670707
323.5,0.992933190118
324,0.992981569332
324.5,0.993017950404
325,0.993039475386
325.5,0.993052116927
326,0.993063724727
326.5,0.993074256418
327,0.993083669631
327.5,0.993091921997
328,0.993098971148
328.5,0.993104774713
329,0.993109290326
329.5,0.993112475616
330,0.993114288215
330.5,0.9931152503
331,0.993115956252
331.5,0.993116472006
332,0.993116863498
332.5,0.993117196664
333,0.993117537441
333.5,0.993117951763
334,0.993118505567
334.5,0.993119264789
335,0.993120295364
335.5,0.993132196535
336,0.993163112966
336.5,0.993209428726
337,0.993267527883
337.5,0.993333794506
338,0.993404612665
338.5,0.993476366427
339,0.993545439862
339.5,0.993608217039
340,0.993661082027
340.5,0.993710419557
341,0.99376360523
341.5,0.993818509422
342,0.993873002507
342.5,0.993924954859
343,0.993972236853
343.5,0.994012718863
344,0.994044271264
344.5,0.99406476443
345,0.994072068736
345.5,0.994071667342
346,0.994070577846
346.5,0.994068972273
347,0.994067022648
347.5,0.994064900998
348,0.994062779348
348.5,0.994060829723
349,0.99405922415
349.5,0.994058134654
350,0.994057733261
350.5,0.994061171349
351,0.994070957121
351.5,0.994086297837
352,0.994106400758
352.5,0.994130473145
353,0.994157722258
353.5,0.994187355359
354,0.994218579708
354.5,0.994250602566
355,0.994282631193
355.5,0.99432095246
356,0.994370460239
356.5,0.994428272291
357,0.994491506379
357.5,0.994557280263
358,0.994622711707
358.5,0.994684918471
359,0.994741018318
359.5,0.994788129009
360,0.994823368306
360.5,0.994851703266
361,0.994879619794
361.5,0.994906513927
362,0.994931781702
362.5,0.994954819154
363,0.994975022321
363.5,0.99499178724
364,0.995004509946
364.5,0.995012586476
365,0.995015412867
365.5,0.995015140218
366,0.995014379673
366.5,0.995013217331
367,0.99501173929
367.5,0.995010031652
368,0.995008180514
368.5,0.995006271976
369,0.995004392138
369.5,0.9950026271
370,0.99500106296
370.5,0.994999627969
371,0.994998192979
371.5,0.994996757988
372,0.994995322997
372.5,0.994993888007
373,0.994992453016
373.5,0.994991018025
374,0.994989583035
374.5,0.994988148044
375,0.994986713053
375.5,0.994985278063
376,0.994983843072
376.5,0.994982408081
377,0.994980973091
377.5,0.9949795381
378,0.994978103109
378.5,0.994976668119
379,0.994975233128
379.5,0.994973798137
380,0.994972363147
380.5,0.994970799007
381,0.994969033968
381.5,0.994967154131
382,0.994965245593
382.5,0.994963394455
383,0.994961686816
383.5,0.994960208776
384,0.994959046433
384.5,0.994958285888
385,0.99495801324
385.5,0.994958766418
386,0.994960952629
386.5,0.994964461887
387,0.994969184206
387.5,0.994975009601
388,0.994981828086
388.5,0.994989529676
389,0.994998004385
389.5,0.995007142227
390,0.995016833217
390.5,0.995031156409
391,0.995053286951
391.5,0.995081758995
392,0.995115106696
392.5,0.995151864205
393,0.995190565676
393.5,0.995229745262
394,0.995267937117
394.5,0.995303675394
395,0.995335494245
395.5,0.995364790061
396,0.995393874863
396.5,0.99542265625
397,0.99545104182
397.5,0.995478939171
398,0.995506255902
398.5,0.995532899611
399,0.995558777898
399.5,0.99558379836
400,0.995607868596
401,0.995656228518
402,0.995704699655
403,0.995749754996
404,0.995787867529
405,0.995815510245
406,0.995836515
407,0.995855898327
408,0.995871910227
409,0.995882800699
410,0.995886819745
411,0.995885785513
412,0.995883142475
413,0.995879580119
414,0.995875787933
415,0.995872455407
416,0.995869492861
417,0.995866440637
418,0.995863433252
419,0.995860605223
420,0.995858091069
421,0.995855605005
422,0.995853020754
423,0.995850712092
424,0.995849052793
425,0.995848416632
426,0.995889381462
427,0.995992935105
428,0.996130066288
429,0.996271763741
430,0.996389016193
431,0.996494398739
432,0.996607791031
433,0.996711138636
434,0.996786387117
435,0.996815482041
436,0.996814446769
437,0.996811801076
438,0.996808235141
439,0.996804439146
440,0.996801103271
441,0.996798227517
442,0.996795351763
443,0.996792476009
444,0.996789600255
445,0.996786724501
446,0.996783848747
447,0.996780972993
448,0.996778097239
449,0.996775221485
450,0.996772345731
451,0.996769469977
452,0.996766594223
453,0.996763718469
454,0.996760842715
455,0.996757966961
456,0.996755091207
457,0.996752215453
458,0.996749339699
459,0.996746463945
460,0.996743588191
461,0.996740712437
462,0.996737836683
463,0.996734960929
464,0.996732085175
465,0.996729209421
466,0.996726333667
467,0.996723457913
468,0.996720582159
469,0.996717706405
470,0.996714830651
471,0.996711954897
472,0.996709079143
473,0.996706203389
474,0.996703327635
475,0.996700451881
476,0.996697576127
477,0.996694700373
478,0.996691824619
479,0.996688948865
480,0.996686073111
481,0.996683197357
482,0.996680321603
483,0.996677445849
484,0.996674570095
485,0.996671694341
486,0.996668818587
487,0.996665942833
488,0.996663067079
489,0.996660191325
490,0.996657315571
491,0.996654439817
492,0.996651564063
493,0.996648688309
494,0.996645812555
495,0.996642936801
496,0.996640061047
497,0.996637185293
498,0.996634309539
499,0.996631433785
500,0.996628558031
501,0.996625684399
502,0.996622812888
503,0.996619940317
504,0.996617063502
505,0.996614179261
506,0.996611286016
507,0.996608385865
508,0.996605481137
509,0.996602574158
510,0.996599667258
511,0.996596759842
512,0.996593850357
513,0.99659093969
514,0.996588028727
515,0.996585118356
516,0.99658220536
517,0.996579289146
518,0.996576374542
519,0.996573466371
520,0.99657056946
521,0.996567686926
522,0.996564815497
523,0.996561950413
524,0.996559086917
525,0.996556220247
526,0.996553350405
527,0.996550480564
528,0.996547610722
529,0.996544740881
530,0.99654187104
531,0.996539001199
532,0.996536131358
533,0.996533261517
534,0.996530391677
535,0.996527521837
536,0.996524192823
537,0.996520404634
538,0.996516846033
539,0.996514205781
540,0.996513172639
541,0.996515903934
542,0.996523014335
543,0.996532878611
544,0.996543871534
545,0.996554367874
546,0.996564831325
547,0.996576472539
548,0.996588786725
549,0.99660126909
550,0.996613414845
551,0.99662522399
552,0.99663703305
553,0.996648842028
554,0.996660650922
555,0.996672459733
556,0.99668426846
557,0.996696077104
558,0.996707885665
559,0.996719694143
560,0.996731502537
561,0.996743310847
562,0.996755119075
563,0.996766927219
564,0.996778735279
565,0.996790543256
566,0.99680235115
567,0.996814158961
568,0.996825966688
569,0.996837774332
570,0.996849581892
571,0.996861844659
572,0.996874562633
573,0.996887052878
574,0.99689863246
575,0.996908618444
576,0.996918108813
577,0.996927779927
578,0.996936316418
579,0.996942402916
580,0.996944724053
581,0.996943702601
582,0.996941092224
583,0.996937573891
584,0.996933828568
585,0.996930537223
586,0.996927699857
587,0.996924862491
588,0.996922025125
589,0.996919187759
590,0.996916350393
591,0.996913513027
592,0.996910675661
593,0.996907838295
594,0.996905000929
595,0.996902163563
596,0.996899326197
597,0.996896488831
598,0.996893651466
599,0.9968908141
600,0.996887976734
601,0.996885139368
602,0.996882302002
603,0.996879464636
604,0.99687662727
605,0.996873789904
606,0.996870952538
607,0.996868115172
608,0.996865277806
609,0.99686244044
610,0.996859603074
611,0.996856765708
612,0.996853928342
613,0.996851090976
614,0.99684825361
615,0.996845416244
616,0.996842578878
617,0.996839741512
618,0.996836904146
619,0.99683406678
620,0.996831229414
621,0.996828392048
622,0.996825554682
623,0.996822717316
624,0.996819879951
625,0.996817042585
626,0.996814205219
627,0.996811367853
628,0.996808530487
629,0.996805693121
630,0.996802855755
631,0.996800018389
632,0.996797181023
633,0.996794343657
634,0.996791506291
635,0.996788668925
636,0.996785831559
637,0.996782994193
638,0.996780156827
639,0.996777319461
640,0.996774482095
641,0.996771644729
642,0.996768807363
643,0.996765969997
644,0.996763132631
645,0.996760295265
646,0.996757457899
647,0.996754620533
648,0.996751783167
649,0.996748945802
650,0.996746108436
651,0.99674327107
652,0.996740433704
653,0.996737596338
654,0.996734758972
655,0.996731921606
656,0.99672908424
657,0.996726246874
658,0.996723409508
659,0.996720572142
660,0.996717734776
661,0.99671489741
662,0.996712060044
663,0.996709222678
664,0.996706385312
665,0.996703547946
666,0.99670071058
667,0.996697873214
668,0.996695035848
669,0.996692198482
670,0.996689361116
671,0.99668652375
672,0.996683686384
673,0.996680849018
674,0.996678011652
675,0.996675174287
676,0.996672336921
677,0.996669499555
678,0.996666662189
679,0.996663824823
680,0.996660987457
681,0.996658150091
682,0.996655312725
683,0.996652475359
684,0.996649637993
685,0.996646800627
686,0.996643963261
687,0.996641125895
688,0.996638288529
689,0.996635451163
690,0.996632613797
691,0.996629776431
692,0.996626939065
693,0.996624101699
694,0.996621264333
695,0.996618426967
696,0.996615589601
697,0.996612752235
698,0.996609914869
699,0.996607077503
700,0.996604240137
701,0.996601402772
702,0.996598565406
703,0.99659572804
704,0.996592890674
705,0.996590053308
706,0.996587215942
707,0.996584378576
708,0.99658154121
709,0.996578703844
710,0.996575866478
711,0.996573029112
712,0.996570191746
713,0.99656735438
714,0.996564517014
715,0.996561679648
716,0.996558842282
717,0.996556004916
718,0.99655316755
719,0.996550330184
720,0.996547492818
721,0.996544655452
722,0.996541818086
723,0.99653898072
724,0.996536143354
725,0.996533305988
726,0.996530468622
727,0.996527631257
728,0.996524793891
729,0.996521956525
730,0.996519119159
731,0.996516281793
732,0.996513444427
733,0.996510607061
734,0.996507769695
735,0.996504932329
736,0.996502094963
737,0.996499257597
738,0.996496420231
739,0.996493582865
740,0.996490745499
741,0.996487908133
742,0.996485070767
743,0.996482233401
744,0.996479396035
745,0.996476558669
746,0.996473721303
747,0.996470883937
748,0.996468046571
749,0.996465209205
750,0.996462371839
751,0.996459534473
752,0.996456697107
753,0.996453859742
754,0.996451022376
755,0.99644818501
756,0.996445347644
757,0.996442510278
758,0.996439672912
759,0.996436835546
760,0.99643399818
761,0.996431160814
762,0.996428323448
763,0.996425486082
764,0.996422648716
765,0.99641981135
766,0.996416973984
767,0.996414136618
768,0.996411299252
769,0.996408461886
770,0.99640562452
771,0.996402787154
772,0.996399949788
773,0.996397112422
774,0.996394275056
775,0.99639143769
776,0.996388462009
777,0.996385348013
778,0.996382303175
779,0.996379534966
780,0.996377250861
781,0.996375443823
782,0.996373894788
783,0.996372493184
784,0.996371128438
785,0.996369689976
786,0.996368177799
787,0.996366665622
788,0.996365153445
789,0.996363641268
790,0.996362129091
791,0.996360616914
792,0.996359104737
793,0.99635759256
794,0.996356080383
795,0.996354568206
796,0.99635305603
797,0.996351543853
798,0.996350031676
799,0.996348519499
800,0.996347007322
801,0.996345495145
802,0.996343982968
803,0.996342470791
804,0.996340958614
805,0.996339446437
806,0.99633793426
807,0.996336422083
808,0.996334909906
809,0.996333397729
810,0.996331885552
811,0.996330373375
812,0.996328861199
813,0.996327349022
814,0.996325836845
815,0.996324324668
816,0.996322812491
817,0.996321300314
818,0.996319788137
819,0.99631827596
820,0.996316763783
821,0.996315251606
822,0.996313739429
823,0.996312227252
824,0.996310715075
825,0.996309202898
826,0.996307690721
827,0.996306178544
828,0.996304666367
829,0.996303154191
830,0.996301642014
831,0.996300129837
832,0.99629861766
833,0.996297105483
834,0.996295593306
835,0.996294081129
836,0.996292568952
837,0.996291056775
838,0.996289544598
839,0.996288032421
840,0.996286520244
841,0.996285008067
842,0.99628349589
843,0.996281983713
844,0.996280471536
845,0.99627895936
846,0.996277447183
847,0.996275935006
848,0.996274422829
849,0.996272910652
850,0.996271398475
851,0.996269886298
852,0.996268374121
853,0.996266861944
854,0.996265349767
855,0.99626383759
856,0.996262325413
857,0.996260813236
858,0.996259301059
859,0.996257788882
860,0.996256276705
861,0.996254764528
862,0.996253252352
863,0.996251740175
864,0.996250227998
865,0.996248715821
866,0.996247203644
867,0.996245691467
868,0.99624417929
869,0.996242667113
870,0.996241154936
871,0.996239642759
872,0.996238130582
873,0.996236618405
874,0.996235106228
875,0.996233594051
876,0.996232081874
877,0.996230569697
878,0.99622905752
879,0.996227545344
880,0.996226033167
881,0.99622452099
882,0.996223008813
883,0.996221496636
884,0.996219984459
885,0.996218472282
886,0.996216960105
887,0.996215447928
888,0.996213935751
889,0.996212423574
890,0.996210911397
891,0.99620939922
892,0.996207887043
893,0.996206374866
894,0.996204862689
895,0.996203350513
896,0.996201838336
897,0.996200326159
898,0.996198813982
899,0.996197301805
900,0.996195789628
901,0.996194277451
902,0.996192765274
903,0.996191253097
904,0.99618974092
905,0.996188228743
906,0.996186716566
907,0.996185204389
908,0.996183692212
909,0.996182180035
910,0.996180667858
911,0.996179155681
912,0.996177643505
913,0.996176131328
914,0.996174619151
915,0.996173106974
916,0.996171594797
917,0.99617008262
918,0.996168570443
919,0.996167058266
920,0.996165546089
921,0.996164033912
922,0.996162521735
923,0.996161009558
924,0.996159497381
925,0.996157985204
926,0.996156473027
927,0.99615496085
928,0.996153448674
929,0.996151936497
930,0.99615042432
931,0.996148912143
932,0.996147399966
933,0.996145887789
934,0.996144375612
935,0.996142863435
936,0.996141351258
937,0.996139839081
938,0.996138326904
939,0.996136814727
940,0.99613530255
941,0.996133790373
942,0.996132278196
943,0.996130766019
944,0.996129253842
945,0.996127741666
946,0.99612598754
947,0.996123991467
948,0.996122116367
949,0.996120725165
950,0.996120180781
951,0.996125618081
952,0.996139612381
953,0.996158687285
954,0.996179366394
955,0.996198173311
956,0.996215347853
957,0.99623324186
958,0.996251546964
959,0.996269954798
960,0.996288156994
961,0.996306153553
962,0.996324150053
963,0.996342146493
964,0.996360142875
965,0.996378139197
966,0.996396135459
967,0.996414131663
968,0.996432127807
969,0.996450123892
970,0.996468119918
971,0.996486115885
972,0.996504111792
973,0.99652210764
974,0.996540103429
975,0.996558099159
976,0.996576094829
977,0.996594090441
978,0.996612085993
979,0.996630081485
980,0.996648076919
981,0.996666567859
982,0.996685554305
983,0.99670429291
984,0.996722040323
985,0.996738053198
986,0.996752922287
987,0.996767325097
988,0.996780648411
989,0.996792279012
990,0.996801603683
991,0.996808791556
992,0.996814766981
993,0.99682004957
994,0.996825158932
995,0.99683061468
996,0.996836416812
997,0.996842218923
998,0.996848021011
999,0.996853823077
1000,0.996859625121
1001,0.996865427143
1002,0.996871229142
1003,0.996877031119
1004,0.996882833074
1005,0.996888635007
1006,0.996894436917
1007,0.996900238806
1008,0.996906040672
1009,0.996911842516
1010,0.996917644337
1011,0.996923446137
1012,0.996929247914
1013,0.996935049669
1014,0.996940851402
1015,0.996946653113
1016,0.996952454801
1017,0.996958256467
1018,0.996964058111
1019,0.996969859733
1020,0.996975661333
1021,0.996982124217
1022,0.996989248387
1023,0.996996041881
1024,0.997001512738
1025,0.997004668997
1026,0.997006091507
1027,0.997007129404
1028,0.997007943161
1029,0.997008693251
1030,0.997009540145
1031,0.997010480244
1032,0.997011406824
1033,0.997012325675
1034,0.997013242588
1035,0.997014163355
1036,0.997015027951
1037,0.997015832515
1038,0.997016667084
1039,0.997017621693
1040,0.997018786379
1041,0.997020405561
1042,0.997022521657
1043,0.997024921704
1044,0.997027392738
1045,0.997029721794
1046,0.997031908873
1047,0.997034095951
1048,0.997036283028
1049,0.997038470104
1050,0.997040657178
1051,0.997042844251
1052,0.997045031323
1053,0.997047218393
1054,0.997049405463
1055,0.997051592531
1056,0.997053523221
1057,0.997055197533
1058,0.997057000031
1059,0.997059315283
1060,0.997062527853
1061,0.997069466186
1062,0.997081630352
1063,0.997097412359
1064,0.997115204215
1065,0.997133397926
1066,0.997153514938
1067,0.997177144968
1068,0.997202782432
1069,0.997228921746
1070,0.997254057324
1071,0.997278189166
1072,0.997302320997
1073,0.997326452815
1074,0.997350584621
1075,0.997374716415
1076,0.997398848196
1077,0.997422979965
1078,0.997447111722
1079,0.997471243466
1080,0.997495375198
1081,0.997519506918
1082,0.997543638626
1083,0.997567770321
1084,0.997591902004
1085,0.997616033675
1086,0.997640165333
1087,0.997664296979
1088,0.997688428613
1089,0.997712560234
1090,0.997736691844
1091,0.997761034564
1092,0.997785588396
1093,0.997810036653
1094,0.997834062652
1095,0.997857349706
1096,0.997883196632
1097,0.99791184192
1098,0.997938378393
1099,0.997957898873
1100,0.997965496183
1101,0.997965405647
1102,0.997965174275
1103,0.997964862427
1104,0.997964530459
1105,0.99796423873
1106,0.997963987239
1107,0.997963735749
1108,0.997963484258
1109,0.997963232768
1110,0.997962981277
1111,0.997962729786
1112,0.997962478296
1113,0.997962226805
1114,0.997961975314
1115,0.997961723824
1116,0.997961472333
1117,0.997961220842
1118,0.997960969352
1119,0.997960717861
1120,0.99796046637
1121,0.99796021488
1122,0.997959963389
1123,0.997959711898
1124,0.997959460408
1125,0.997959208917
1126,0.997958957426
1127,0.997958705936
1128,0.997958454445
1129,0.997958202955
1130,0.997957951464
1131,0.997957699973
1132,0.997957448483
1133,0.997957196992
1134,0.997956945501
1135,0.997956694011
1136,0.99795644252
1137,0.997956191029
1138,0.997955939539
1139,0.997955688048
1140,0.997955436557
1141,0.997955185067
1142,0.997954933576
1143,0.997954682085
1144,0.997954430595
1145,0.997954179104
1146,0.997953927613
1147,0.997953676123
1148,0.997953424632
1149,0.997953173142
1150,0.997952921651
1151,0.99795267016
1152,0.99795241867
1153,0.997952167179
1154,0.997951915688
1155,0.997951664198
1156,0.997951412707
1157,0.997951161216
1158,0.997950909726
1159,0.997950658235
1160,0.997950406744
1161,0.997950155254
1162,0.997949903763
1163,0.997949652272
1164,0.997949400782
1165,0.997949149291
1166,0.9979488978
1167,0.99794864631
1168,0.997948394819
1169,0.997948143329
1170,0.997947891838
1171,0.997947640347
1172,0.997947388857
1173,0.997947137366
1174,0.997946885875
1175,0.997946634385
1176,0.997946382894
1177,0.997946131403
1178,0.997945879913
1179,0.997945628422
1180,0.997945376931
1181,0.997945125441
1182,0.99794487395
1183,0.997944622459
1184,0.997944370969
1185,0.997944119478
1186,0.997943867988
1187,0.997943616497
1188,0.997943365006
1189,0.997943113516
1190,0.997942862025
1191,0.997942610534
1192,0.997942359044
1193,0.997942107553
1194,0.997941856062
1195,0.997941604572
1196,0.997941353081
1197,0.99794110159
1198,0.9979408501
1199,0.997940598609
1200,0.997940347118
1201,0.997940095628
1202,0.997939844137
1203,0.997939592646
1204,0.997939341156
1205,0.997939089665
1206,0.997938838175
1207,0.997938586684
1208,0.997938335193
1209,0.997938083703
1210,0.997937832212
1211,0.997937580721
1212,0.997937329231
1213,0.99793707774
1214,0.997936826249
1215,0.997936574759
1216,0.997936323268
1217,0.997936071777
1218,0.997935820287
1219,0.997935568796
1220,0.997935317305
1221,0.997935065815
1222,0.997934814324
1223,0.997934562833
1224,0.997934311343
1225,0.997934059852
1226,0.997933808362
1227,0.997933556871
1228,0.99793330538
1229,0.99793305389
1230,0.997932802399
1231,0.997932550908
1232,0.997932299418
1233,0.997932047927
1234,0.997931796436
1235,0.997931544946
1236,0.997931293455
1237,0.997931041964
1238,0.997930790474
1239,0.997930538983
1240,0.997930287492
1241,0.997930073613
1242,0.997929897346
1243,0.997929702273
1244,0.997929431976
1245,0.997929030039
1246,0.997926628459
1247,0.997920918547
1248,0.997912682856
1249,0.997902703937
1250,0.997891764343
1251,0.997876632218
1252,0.997855319806
1253,0.997830475805
1254,0.997804748916
1255,0.997780787838
1256,0.99775859257
1257,0.997736397313
1258,0.997714202067
1259,0.997692006833
1260,0.997669811609
1261,0.997647616396
1262,0.997625421195
1263,0.997603226005
1264,0.997581030825
1265,0.997558835657
1266,0.9975366405
1267,0.997514445354
1268,0.997492250218
1269,0.997470055094
1270,0.997447859981
1271,0.997425664879
1272,0.997403469789
1273,0.997381274709
1274,0.99735907964
1275,0.997336884582
1276,0.997314689536
1277,0.9972924945
1278,0.997270299476
1279,0.997248104462
1280,0.99722590946
1281,0.997200163278
1282,0.997170865916
1283,0.997143344161
1284,0.997122924798
1285,0.997114934614
1286,0.997119815359
1287,0.99713247084
1288,0.997149920924
1289,0.99716918548
1290,0.997187284375
1291,0.99720479038
1292,0.997223825988
1293,0.997243735651
1294,0.997263863819
1295,0.997283554946
1296,0.997302776033
1297,0.997321964114
1298,0.997341168683
1299,0.997360439237
1300,0.99737982527
1301,0.997399361381
1302,0.997419015466
1303,0.997438736967
1304,0.997458475326
1305,0.997478179988
1306,0.99749785095
1307,0.99751752192
1308,0.997537192896
1309,0.997556863878
1310,0.997576534867
1311,0.997596205862
1312,0.997615876864
1313,0.997635547872
1314,0.997655218887
1315,0.997674889908
1316,0.997695305449
1317,0.997716465509
1318,0.99773725332
1319,0.99775655211
1320,0.997773245111
1321,0.997788485796
1322,0.997803374737
1323,0.997816715815
1324,0.997827312905
1325,0.997833969888
1326,0.997837651714
1327,0.99784039026
1328,0.997842589789
1329,0.997844654565
1330,0.99784698885
1331,0.997849592645
1332,0.997852196441
1333,0.997854800238
1334,0.997857404035
1335,0.997860007833
1336,0.997862611632
1337,0.997865215432
1338,0.997867819233
1339,0.997870423034
1340,0.997873026836
1341,0.99787563064
1342,0.997878234443
1343,0.997880838248
1344,0.997883442054
1345,0.99788604586
1346,0.997888649667
1347,0.997891253475
1348,0.997893857284
1349,0.997896461093
1350,0.997899064903
1351,0.997901668715
1352,0.997904272527
1353,0.997906876339
1354,0.997909480153
1355,0.997912083967
1356,0.997915052747
1357,0.997918386491
1358,0.997921537755
1359,0.99792395909
1360,0.997925103051
1361,0.997925372105
1362,0.997925557275
1363,0.997925693949
1364,0.997925817513
1365,0.997925963357
1366,0.997926130999
1367,0.997926296872
1368,0.997926461734
1369,0.997926626343
1370,0.997926791457
1371,0.997926957077
1372,0.997927122697
1373,0.997927288318
1374,0.997927453938
1375,0.997927619558
1376,0.997927785178
1377,0.997927950798
1378,0.997928116418
1379,0.997928282038
1380,0.997928447658
1381,0.997928613278
1382,0.997928778898
1383,0.997928944518
1384,0.997929110138
1385,0.997929275758
1386,0.997929441378
1387,0.997929606998
1388,0.997929772618
1389,0.997929938238
1390,0.997930103858
1391,0.997930269479
1392,0.997930435099
1393,0.997930600719
1394,0.997930766339
1395,0.997930931959
1396,0.997931097579
1397,0.997931263199
1398,0.997931428819
1399,0.997931594439
1400,0.997931760059
1401,0.997931925679
1402,0.997932091299
1403,0.997932256919
1404,0.997932422539
1405,0.997932588159
1406,0.997932753779
1407,0.997932919399
1408,0.997933085019
1409,0.997933250639
1410,0.99793341626
1411,0.99793358188
1412,0.9979337475
1413,0.99793391312
1414,0.99793407874
1415,0.99793424436
1416,0.99793440998
1417,0.9979345756
1418,0.99793474122
1419,0.99793490684
1420,0.99793507246
1421,0.99793523808
1422,0.9979354037
1423,0.99793556932
1424,0.99793573494
1425,0.99793590056
1426,0.99793606618
1427,0.9979362318
1428,0.997936397421
1429,0.997936563041
1430,0.997936728661
1431,0.997936894281
1432,0.997937059901
1433,0.997937225521
1434,0.997937391141
1435,0.997937556761
1436,0.997937722381
1437,0.997937888001
1438,0.997938053621
1439,0.997938219241
1440,0.997938384861
1441,0.997938550481
1442,0.997938716101
1443,0.997938881721
1444,0.997939047341
1445,0.997939212961
1446,0.997939378582
1447,0.997939544202
1448,0.997939709822
1449,0.997939875442
1450,0.997940041062
1451,0.997940206682
1452,0.997940372302
1453,0.997940537922
1454,0.997940703542
1455,0.997940869162
1456,0.997941034782
1457,0.997941200402
1458,0.997941366022
1459,0.997941531642
1460,0.997941697262
1461,0.997941862882
1462,0.997942028502
1463,0.997942194122
1464,0.997942359743
1465,0.997942525363
1466,0.997942690983
1467,0.997942856603
1468,0.997943022223
1469,0.997943187843
1470,0.997943353463
1471,0.997943519083
1472,0.997943684703
1473,0.997943850323
1474,0.997944015943
1475,0.997944181563
1476,0.997944347183
1477,0.997944512803
1478,0.997944678423
1479,0.997944844043
1480,0.997945009663
1481,0.997945175283
1482,0.997945340904
1483,0.997945506524
1484,0.997945672144
1485,0.997945837764
1486,0.997946003384
1487,0.997946169004
1488,0.997946334624
1489,0.997946500244
1490,0.997946665864
1491,0.997946831484
1492,0.997946997104
1493,0.997947162724
1494,0.997947328344
1495,0.997947493964
1496,0.997947659584
1497,0.997947825204
1498,0.997947990824
1499,0.997948156444
1500,0.997948322064
1501,0.997948487685
1502,0.997948653305
1503,0.997948818925
1504,0.997948984545
1505,0.997949150165
1506,0.997949315785
1507,0.997949481405
1508,0.997949647025
1509,0.997949812645
1510,0.997949978265
1511,0.997950143885
1512,0.997950309505
1513,0.997950475125
1514,0.997950640745
1515,0.997950806365
1516,0.997950971985
1517,0.997951137605
1518,0.997951303225
1519,0.997951468846
1520,0.997951634466
1521,0.997951800086
1522,0.997951965706
1523,0.997952131326
1524,0.997952296946
1525,0.997952462566
1526,0.997952628186
1527,0.997952793806
1528,0.997952959426
1529,0.997953125046
1530,0.997953290666
1531,0.997953456286
1532,0.997953621906
1533,0.997953787526
1534,0.997953953146
1535,0.997954118766
1536,0.997954284386
1537,0.997954450007
1538,0.997954615627
1539,0.997954781247
1540,0.997954946867
1541,0.997955112487
1542,0.997955278107
1543,0.997955443727
1544,0.997955609347
1545,0.997955774967
1546,0.997955940587
1547,0.997956106207
1548,0.997956271827
1549,0.997956437447
1550,0.997956603067
1551,0.997956768687
1552,0.997956934307
1553,0.997957099927
1554,0.997957265547
1555,0.997957431168
1556,0.997957596147
1557,0.997957760486
1558,0.997957925146
1559,0.997958091086
1560,0.997958259268
1561,0.997958430403
1562,0.997958603891
1563,0.997958778723
1564,0.997958953891
1565,0.997959128387
1566,0.997959302211
1567,0.997959476035
1568,0.997959649859
1569,0.997959823683
1570,0.997959997507
1571,0.997960171331
1572,0.997960345155
1573,0.997960518979
1574,0.997960692803
1575,0.997960866627
1576,0.99796101751
1577,0.997961145453
1578,0.997961284867
1579,0.997961470161
1580,0.997961735746
1581,0.997962453883
1582,0.997963871697
1583,0.997965835899
1584,0.997968193199
1585,0.997970790307
1586,0.997974314639
1587,0.997979174288
1588,0.997984796977
1589,0.997990610426
1590,0.997996042358
1591,0.998001092774
1592,0.998006143191
1593,0.998011193609
1594,0.99801624403
1595,0.998021294452
1596,0.998026344876
1597,0.998031395301
1598,0.998036445729
1599,0.998041496158
1600,0.998046546588
1601,0.998051597021
1602,0.998056647455
1603,0.99806169789
1604,0.998066748328
1605,0.998071798767
1606,0.998076849208
1607,0.99808189965
1608,0.998086950095
1609,0.998092000541
1610,0.998097050988
1611,0.998102101438
1612,0.998107151889
1613,0.998112202341
1614,0.998117252796
1615,0.998122303252
1616,0.998126867908
1617,0.998130946765
1618,0.998135268525
1619,0.998140561888
1620,0.998147555558
1621,0.998159889798
1622,0.998178909587
1623,0.998201900698
1624,0.998226148904
1625,0.998248939977
1626,0.998270443661
1627,0.998292485441
1628,0.998314834708
1629,0.998337260853
1630,0.998359533265
1631,0.998381651946
1632,0.998403770634
1633,0.99842588933
1634,0.998448008034
1635,0.998470126745
1636,0.998492245463
1637,0.99851436419
1638,0.998536482924
1639,0.998558601666
1640,0.998580720415
1641,0.998602839172
1642,0.998624957937
1643,0.998647076709
1644,0.998669195489
1645,0.998691314276
1646,0.998713433072
1647,0.998735551874
1648,0.998757670685
1649,0.998779789503
1650,0.998801908329
1651,0.998825039814
1652,0.998849183957
1653,0.998872821782
1654,0.998894434313
1655,0.998912502573
1656,0.998928937133
1657,0.998945313876
1658,0.998959611792
1659,0.998969809869
1660,0.998973887097
1661,0.998974169341
1662,0.99897435687
1663,0.998974490275
1664,0.99897461015
1665,0.998974757086
1666,0.998974931084
1667,0.998975105082
1668,0.998975279079
1669,0.998975453077
1670,0.998975627075
1671,0.998975801073
1672,0.998975975071
1673,0.998976149068
1674,0.998976323066
1675,0.998976497064
1676,0.998976671062
1677,0.998976845059
1678,0.998977019057
1679,0.998977193055
1680,0.998977367053
1681,0.998977541051
1682,0.998977715048
1683,0.998977889046
1684,0.998978063044
1685,0.998978237042
1686,0.998978407692
1687,0.998978574994
1688,0.99897874397
1689,0.998978919642
1690,0.998979107031
1691,0.998979277641
1692,0.99897942927
1693,0.998979606376
1694,0.998979853419
1695,0.998980214858
1696,0.998984066116
1697,0.998993233956
1698,0.999005439844
1699,0.999018405247
1700,0.999029851631
1702,0.999049706363
1705,0.999079488488
1710,0.999129125431
1715,0.999178762458
1720,0.999228399571
1725,0.999278036768
1730,0.99932767405
1735,0.99939783997
1740,0.999484052783
1745,0.999570265744
1750,0.999656478854
1755,0.999742692112
1760,0.99982890552
1765,0.999915119075
1770,0.999991291417
1775,0.999992162275
1780,0.999993033134
1785,0.999993903992
1790,0.99999477485
1795,0.999995645709
1800,0.999996516567
1805,0.999997387425
1810,0.999998258283
1815,0.999999129142
1820,1
1825,0.999998567414
1830,0.999997134827
1835,0.999995702241
1840,0.999994269654
1845,0.999992837068
1850,0.999991404481
1855,0.999989971895
1860,0.999988539308
1865,0.999987106722
1870,0.999985674135
1875,0.999984241549
1880,0.999982808962
1885,0.999981376376
1890,0.999979943789
1895,0.999978511203
1900,0.999977078616
1905,0.99997564603
1910,0.999974213443
1915,0.999972780857
1920,0.99997134827
1925,0.999969915684
1930,0.999968483097
1935,0.999967050511
1940,0.999965617924
1945,0.999964185338
1950,0.999962752751
1955,0.999961320165
1960,0.999959887578
1965,0.999958454992
1970,0.999957022405
1975,0.999955589819
1980,0.999954157232
1985,0.999952724646
1990,0.999951292059
1995,0.999949859473
2000,0.999948426886
2005,0.9999469943
2010,0.999945561713
2015,0.999944129127
2020,0.99994269654
2025,0.999941263954
2030,0.999939831367
2035,0.999938398781
2040,0.999936966194
2045,0.999935533608
2050,0.999934101021
2055,0.999932668435
2060,0.999931235848
2065,0.999929803262
2070,0.999900634178
2075,0.999850437391
2080,0.999800240745
2085,0.999747821987
2090,0.999695403586
2095,0.999642985541
2100,0.999590567852
2105,0.999492369918
2110,0.999074229857
2115,0.998656092827
2120,0.998237958827
2125,0.997819827858
2130,0.997401699919
2135,0.99698357501
2140,0.996565453132
2145,0.996396593459
2150,0.996344189288
2155,0.996291785472
2160,0.996239382014
2165,0.996186978912
2170,0.996134576166
2175,0.996082173777
2180,0.996099390117
2185,0.996339550745
2190,0.996579709591
2195,0.996819866655
2200,0.997060021935
2205,0.997300175434
2210,0.997540327149
2215,0.997780477082
2220,0.997826965784
2225,0.997823317858
2230,0.997819669931
2235,0.997816022005
2240,0.997812374079
2245,0.997808726152
2250,0.997805078226
2255,0.9978014303
2260,0.997797782374
2265,0.997794134447
2270,0.997790486521
2275,0.997786838595
2280,0.997783190669
2285,0.997779542742
2290,0.997775894816
2295,0.99777224689
2300,0.997768598963
2305,0.997764951037
2310,0.997761303111
2315,0.997757655185
2320,0.997754007258
2325,0.997750359332
2330,0.99766761415
2335,0.997493323737
2340,0.997319034572
2345,0.997143370947
2350,0.99696770904
2355,0.996792048851
2360,0.996616390382
2365,0.996442189999
2370,0.996339665101
2375,0.996237141184
2380,0.99613461825
2385,0.996032096297
2390,0.995929575327
2395,0.995827055339
2400,0.995724536333
2405,0.995537730656
2410,0.995288959649
2415,0.995040191097
2420,0.994791425001
2425,0.994542661359
2430,0.994293900173
2435,0.994045141442
2440,0.993799619645
2445,0.993575240681
2450,0.993350863926
2455,0.993126489381
2460,0.992902117045
2465,0.992677746919
2470,0.992453379003
2475,0.992229013297
2480,0.991954262311
2485,0.991656779607
2490,0.99135929985
2495,0.991061823038
2500,0.990764349173
2505,0.990466878255
2510,0.990169410282
2515,0.989865962169
2520,0.989544127088
2525,0.989222295199
2530,0.988900466502
2535,0.988578640997
2540,0.988256818683
2545,0.987934999561
2550,0.987613183631
2555,0.987095937873
2560,0.986530408823
2565,0.985964885421
2570,0.985399367665
2575,0.984833855556
2580,0.984268349094
2585,0.983702848279
2590,0.982655506357
2595,0.980745064111
2600,0.978834641063
2605,0.976922411888
2610,0.975010209031
2615,0.973098032491
2620,0.9674074494
2625,0.959264272587
2630,0.951121208152
2635,0.937141822167
2640,0.918600437344
2645,0.89357302831
2650,0.866090666006
2655,0.846456097687
2660,0.835030569854
2665,0.823605199752
2670,0.813644772443
2675,0.808576107599
2680,0.804458971428
2685,0.810253771935
2690,0.816048492323
2695,0.821843132593
2700,0.827637692743
2705,0.833432172774
2710,0.840007249588
2715,0.846959744424
2720,0.853912143142
2725,0.860566391337
2730,0.866492924633
2735,0.87241937598
2740,0.878345745378
2745,0.883283960925
2750,0.887473028468
2755,0.891662038058
2760,0.895850989696
2765,0.900039883382
2770,0.903797168883
2775,0.905206310868
2780,0.9066154333
2785,0.908024536179
2790,0.909433619506
2795,0.910842683279
2800,0.9122517275
2805,0.913558333266
2810,0.912918558874
2815,0.912278793233
2820,0.911639036344
2825,0.910999288206
2830,0.91035954882
2835,0.909719818185
2840,0.909080096301
2845,0.908144920233
2850,0.907017964855
2855,0.905891024961
2860,0.90476410055
2865,0.903638796939
2870,0.902513504828
2875,0.90138822422
2880,0.900231231782
2885,0.898911080817
2890,0.897590943355
2895,0.896270819394
2900,0.894950708935
2905,0.893630611978
2910,0.892310528523
2915,0.890990458569
2920,0.889740479683
2925,0.888517879134
2930,0.887295291086
2935,0.886072715541
2940,0.884850152497
2945,0.883627601954
2950,0.882405063913
2955,0.881380556322
2960,0.880876656809
2965,0.880372762422
2970,0.879868873161
2975,0.879364989025
2980,0.878861110016
2985,0.878357236131
2990,0.877853367373
2995,0.877714278988
3000,0.877648877275
3005,0.877583476188
3010,0.877518075725
3015,0.877452675888
3020,0.877387276676
3025,0.877321878089
3030,0.877157159511
3035,0.876836004317
3040,0.876514852374
3045,0.87619370368
3050,0.875872558238
3055,0.875551416045
3060,0.875230277104
3065,0.874909141412
3070,0.874472955127
3075,0.87403004183
3080,0.873587133032
3085,0.873144228736
3090,0.87270132894
3095,0.872258433645
3100,0.87181554285
3105,0.871580146939
3110,0.871551317176
3115,0.871522487663
3120,0.8714936584
3125,0.871466383478
3130,0.871439108719
3135,0.871411834124
3140,0.871413273035
3145,0.871885284503
3150,0.872357292788
3155,0.872829297893
3160,0.873301299815
3165,0.873773298556
3170,0.874245294115
3175,0.874717286492
3180,0.874965004327
3185,0.875071669784
3190,0.875178334508
3195,0.875284998497
3200,0.875391661752
3205,0.875498324272
3210,0.875604986059
3215,0.875736530923
3220,0.875989316254
3225,0.876242099872
3230,0.876494881776
3235,0.876747661968
3240,0.877000440446
3245,0.87725321721
3250,0.877505992262
3255,0.877705673638
3260,0.877885384851
3265,0.878065094839
3270,0.878244803605
3275,0.878424511146
3280,0.878604217464
3285,0.878783922557
3290,0.878670645146
3295,0.877815348017
3300,0.876960056598
3305,0.876104770891
3310,0.875249490894
3315,0.874394216608
3320,0.873538948032
3325,0.872683685168
3330,0.870570408342
3335,0.868216566567
3340,0.865862740545
3345,0.863508930274
3350,0.861155135755
3355,0.858801356987
3360,0.856447593972
3365,0.85285840502
3370,0.848821979562
3375,0.844785581132
3380,0.840749209727
3385,0.836711420375
3390,0.83267367198
3395,0.827043637367
3400,0.821385002092
3405,0.815726424234
3410,0.810067903795
3415,0.802559214654
3420,0.794894446363
3425,0.787229755865
3430,0.778289217114
3435,0.769169915697
3440,0.759817010657
3445,0.749325564879
3450,0.738834225603
3455,0.727564847768
3460,0.71610331683
3465,0.70363126811
3470,0.690860521266
3475,0.678332714578
3480,0.665889585923
3485,0.653563064933
3490,0.64128386674
3495,0.62878167818
3500,0.616175376991
3505,0.604315640408
3510,0.592855316903
3515,0.581598530126
3520,0.570465785117
3525,0.559941526487
3530,0.549837798281
3535,0.539933541907
3540,0.530724357954
3545,0.521515267501
3550,0.512496346759
3555,0.50365569442
3560,0.494815131841
3565,0.486272714932
3570,0.477800576829
3575,0.469281287518
3580,0.460349018287
3585,0.451416839752
3590,0.442193213791
3595,0.432524743894
3600,0.422856372173
3605,0.412454050453
3610,0.401720637665
3615,0.39080740409
3620,0.379513101228
3625,0.368028685047
3630,0.356079992048
3635,0.344088785805
3640,0.331976682248
3645,0.320053252166
3650,0.308759642541
3655,0.297498938429
3660,0.286369209675
3665,0.275462538168
3670,0.265642223378
3675,0.255822008989
3680,0.247084487705
3685,0.238614547514
3690,0.230346154925
3695,0.22399472993
3700,0.217643369869
3705,0.211292074744
3710,0.206094360443
3715,0.202833239732
3720,0.199572152359
3725,0.196311098323
3730,0.193050077623
3735,0.18978909026
3740,0.187271788941
3745,0.186637925653
3750,0.186004068837
3755,0.185370218494
3760,0.184736374623
3765,0.184102537224
3770,0.183468706297
3775,0.182834881842
3780,0.182977553349
3785,0.183268716139
3790,0.183559875942
3795,0.183851032758
3800,0.184142186587
3805,0.184433337429
3810,0.184724485283
3815,0.184803651132
3820,0.184559299527
3825,0.184314950413
3830,0.184070603787
3835,0.183826259651
3840,0.183581918004
3845,0.183337578847
3850,0.183093242178
3855,0.182304237786
3860,0.18148792672
3865,0.180671623993
3870,0.179855329604
3875,0.179039043555
3880,0.178222765846
3885,0.177406496475
3890,0.176355021868
3895,0.17507633327
3900,0.17379765774
3905,0.172518387402
3910,0.171239139137
3915,0.169959912945
3920,0.168680708827
3925,0.167345344023
3930,0.165202206503
3935,0.163059105982
3940,0.160916042461
3945,0.158773015938
3950,0.156630026415
3955,0.154487073891
3960,0.152344158366
3965,0.149424976117
3970,0.146032907278
3975,0.142640897022
3980,0.139248945348
3985,0.135857052256
3990,0.132465217746
3995,0.129073441818
4000,0.125033089528
